Cohort,Accuracy_Lower,Accuracy_Upper,ROC_AUC_Lower,ROC_AUC_Upper,F1_Lower,F1_Upper,Sensitivity_Lower,Sensitivity_Upper,Specificity_Lower,Specificity_Upper
GSE26566,0.5560650887573967,0.6923076923076923,0.8886027938449153,0.9724165920406441,0.4602910052910053,0.6496815286624203,0.3008628318584071,0.4857142857142857,0.9473684210526315,1.0
GSE32225,0.012903225806451613,0.07096774193548387,0.5,0.5,0.0,0.0,0.0,0.0,1.0,1.0
GSE89749,0.008333333333333333,0.041666666666666664,0.5,0.5,0.0,0.0,0.0,0.0,1.0,1.0
