Cohort,Accuracy,Balanced_Accuracy,Sensitivity,Specificity,Precision,Recall,F1,ROC_AUC,MCC,Kappa,PPV,NPV,FPR,FNR,LR_Positive,LR_Negative,Diagnostic_Odds_Ratio,Brier_Score,TP,TN,FP,FN
GSE26566,0.621301775147929,0.6894230769230769,0.3942307692307692,0.9846153846153847,0.9761904761904762,0.3942307692307692,0.5616438356164384,0.9355029585798816,0.42649085651824153,0.3213703099510604,0.9761904761904762,0.5039370078740157,0.015384615384615385,0.6057692307692307,25.62500000000009,0.615234375,41.650793650793794,0.21112565680473372,41,64,1,63
GSE32225,0.03870967741935484,0.5,0.0,1.0,0.0,0.0,0.0,0.5,0.0,0.0,0.0,0.03870967741935484,0.0,1.0,inf,1.0,inf,0.36587303225806456,0,6,0,149
GSE89749,0.016666666666666666,0.5,0.0,1.0,0.0,0.0,0.0,0.5,0.0,0.0,0.0,0.016666666666666666,0.0,1.0,inf,1.0,inf,0.2902666666666666,0,2,0,118
