Accuracy,Balanced_Accuracy,Sensitivity,Specificity,Precision,Recall,F1,ROC_AUC,MCC,Kappa,PPV,NPV,FPR,FNR,LR_Positive,LR_Negative,Diagnostic_Odds_Ratio,Brier_Score,TP,TN,FP,FN,Samples,Tumor,Normal
0.2545045045045045,0.5484067496215338,0.1105121293800539,0.9863013698630136,0.9761904761904762,0.1105121293800539,0.19854721549636803,0.9326145552560647,0.12261585497969855,0.03445285398927789,0.9761904761904762,0.1791044776119403,0.0136986301369863,0.889487870619946,8.067385444743904,0.9018418688230009,8.94545454545451,0.28653728828828834,41,72,1,330,444,371,73
