Mean_Predicted_Probability,Fraction_of_Positives
0.16252631578947366,0.15789473684210525
0.24973684210526326,0.21052631578947367
0.3609473684210527,0.8947368421052632
0.45718750000000014,1.0
0.5441290322580646,0.967741935483871
0.6332,1.0
0.732,1.0
