Mean_Predicted_Probability,Fraction_of_Positives
0.38799999999999957,0.9612903225806452
