Mean_Predicted_Probability,Fraction_of_Positives
0.46000000000000074,0.9833333333333333
