horizon_days,n_evaluable,n_events_by_horizon,auc
395,32,8,0.7083333333333334
790,26,14,0.5535714285714286
1186,22,15,0.5523809523809524
1581,20,17,0.4705882352941177
