Model,Accuracy,AUC
RandomForest,1.0,1.0
XGBoost,0.8888888888888888,0.9285714285714286
